code,lat,lon
ABE,40.652,-75.443
ABI,32.411,-99.682
ABQ,35.04,-106.609
ABR,45.449,-98.422
ABY,31.533,-84.196
ACA,16.757,-99.753
ACC,5.605,-0.167
ACK,41.253,-70.06
ACT,31.611,-97.23
ACV,40.978,-124.109
ACY,39.456,-74.578
ADK,51.884,-176.643
ADL,-34.948,138.533
ADQ,57.75,-152.494
AEX,31.326,-92.547
AFW,32.99,-97.319
AGA,30.322,-9.412
AGP,36.675,-4.499
AGS,33.37,-81.964
AGU,21.7,-102.318
AKL,-37.012,174.786
AKN,58.678,-156.652
ALB,42.748,-73.802
ALO,42.557,-92.4
ALW,46.095,-118.288
AMA,35.218,-101.706
AMM,31.723,35.993
AMS,52.309,4.764
ANC,61.179,-149.993
ANF,-23.445,-70.445
ANU,17.137,-61.793
APC,38.213,-122.281
APN,45.078,-83.56
APW,-13.83,-172.008
ARN,59.648,17.929
ART,43.992,-76.022
ASE,39.223,-106.869
ATH,37.936,23.944
ATL,33.637,-84.428
ATW,44.259,-88.519
ATY,44.914,-97.155
AUA,12.501,-70.014
AUS,30.198,-97.662
AVL,35.435,-82.542
AVP,41.337,-75.724
AXA,18.205,-63.054
AXM,4.453,-75.766
AZA,33.308,-111.655
AZO,42.232,-85.55
BAQ,10.89,-74.781
BCN,41.297,2.078
BDA,32.364,-64.678
BDL,41.939,-72.688
BER,52.362,13.502
BET,60.78,-161.838
BFF,41.874,-103.596
BFI,47.527,-122.3
BFL,35.434,-119.057
BGA,7.126,-73.185
BGI,13.075,-59.491
BGM,42.209,-75.98
BGR,44.806,-68.827
BHM,33.563,-86.751
BHX,52.454,-1.748
BIF,31.85,-106.38
BIH,37.373,-118.364
BIL,45.809,-108.541
BIM,25.7,-79.265
BIO,43.301,-2.911
BIS,46.773,-100.747
BJI,47.509,-94.934
BJX,20.993,-101.48
BLI,48.793,-122.538
BLV,38.545,-89.835
BMG,39.146,-86.617
BMI,40.477,-88.916
BNA,36.124,-86.678
BNE,-27.384,153.117
BOG,4.702,-74.147
BOI,43.564,-116.223
BOM,19.089,72.868
BON,12.131,-68.269
BOS,42.362,-71.008
BPT,29.951,-94.021
BQK,31.259,-81.466
BQN,18.495,-67.129
BRD,46.403,-94.13
BRI,41.139,16.761
BRO,25.907,-97.425
BRU,50.901,4.484
BRW,71.285,-156.766
BSB,-15.869,-47.921
BTM,45.955,-112.497
BTR,30.533,-91.15
BTV,44.472,-73.153
BUD,47.43,19.262
BUF,42.94,-78.732
BUR,34.203,-118.358
BWI,39.175,-76.668
BZE,17.54,-88.304
BZN,45.779,-111.154
CAE,33.938,-81.123
CAK,40.916,-81.442
CAP,19.726,-72.201
CBR,-35.307,149.195
CCS,10.602,-66.991
CDC,37.701,-113.099
CDG,49.009,2.554
CDV,60.492,-145.478
CGN,50.866,7.143
CHA,35.035,-85.204
CHC,-43.489,172.532
CHO,38.139,-78.453
CHS,32.896,-80.038
CID,41.885,-91.711
CIU,46.242,-84.462
CKB,39.297,-80.228
CLD,33.128,-117.28
CLE,41.412,-81.85
CLL,30.589,-96.364
CLO,3.543,-76.382
CLT,35.214,-80.943
CMH,39.998,-82.892
CMI,40.04,-88.276
CMN,33.368,-7.59
CMW,21.42,-77.848
CMX,47.168,-88.489
CNF,-19.636,-43.967
CNW,31.641,-97.073
COD,44.52,-109.024
COR,-31.312,-64.208
COS,38.806,-104.701
COU,38.818,-92.22
CPH,55.618,12.656
CPR,42.907,-106.462
CPT,-33.974,18.604
CRK,15.186,120.56
CRP,27.77,-97.501
CRW,38.373,-81.593
CSG,32.516,-84.94
CTA,37.467,15.066
CTG,10.442,-75.513
CTS,42.775,141.69
CUL,24.765,-107.475
CUN,21.041,-86.873
CUR,12.189,-68.96
CUU,28.703,-105.964
CVG,39.049,-84.668
CWA,44.777,-89.67
CYS,41.156,-104.812
CZM,20.515,-86.929
DAB,29.183,-81.059
DAL,32.845,-96.848
DAY,39.902,-84.219
DBV,42.562,18.266
DCA,38.852,-77.038
DDC,37.763,-99.966
DEC,39.835,-88.866
DEL,28.556,77.095
DEN,39.86,-104.674
DFW,32.897,-97.038
DGO,24.125,-104.528
DHN,31.321,-85.45
DIK,46.798,-102.802
DLG,59.045,-158.505
DLH,46.842,-92.199
DOH,25.273,51.608
DOM,15.547,-61.301
DOV,39.13,-75.466
DRO,37.152,-107.754
DSM,41.534,-93.657
DSS,14.671,-17.073
DTW,42.214,-83.354
DUB,53.429,-6.262
DUS,51.29,6.767
DVL,48.115,-98.909
DXB,25.25,55.371
EAR,40.727,-99.007
EAT,47.399,-120.207
EAU,44.866,-91.484
ECP,30.357,-85.795
EDI,55.95,-3.372
EGE,39.643,-106.918
EIS,18.445,-64.542
EKO,40.825,-115.792
ELH,25.476,-76.681
ELM,42.16,-76.892
ELP,31.81,-106.376
ENA,60.571,-151.245
ERI,42.083,-80.174
ESC,45.723,-87.089
EUG,44.125,-123.212
EVV,38.037,-87.532
EWN,35.073,-77.043
EWR,40.689,-74.171
EYW,24.556,-81.76
EZE,-34.822,-58.536
FAI,64.815,-147.856
FAO,37.016,-7.971
FAR,46.921,-96.816
FAT,36.776,-119.718
FAY,34.991,-78.88
FCA,48.311,-114.256
FCO,41.805,12.252
FDF,14.591,-61.003
FLG,35.14,-111.67
FLL,26.073,-80.153
FLO,34.185,-79.724
FMN,36.741,-108.23
FNC,32.698,-16.775
FNL,40.45,-105.011
FNT,42.969,-83.743
FOD,42.553,-94.191
FOE,38.951,-95.664
FPO,26.558,-78.696
FRA,50.027,8.558
FSD,43.585,-96.741
FSM,35.337,-94.367
FUK,33.586,130.451
FWA,40.979,-85.194
GBE,-24.555,25.918
GCC,44.349,-105.539
GCK,37.928,-100.724
GCM,19.293,-81.358
GDL,20.523,-103.31
GEG,47.62,-117.534
GEO,6.499,-58.254
GFK,47.949,-97.176
GGG,32.384,-94.712
GGT,23.563,-75.878
GHB,25.285,-76.331
GIG,-22.81,-43.251
GJT,39.127,-108.529
GLA,55.872,-4.433
GMP,37.558,126.791
GND,12.004,-61.785
GNV,29.69,-82.272
GOH,64.191,-51.679
GPT,30.406,-89.07
GRB,44.483,-88.131
GRI,40.967,-98.31
GRK,31.067,-97.829
GRR,42.881,-85.523
GRU,-23.431,-46.47
GSO,36.099,-79.937
GSP,34.896,-82.219
GST,58.425,-135.707
GTF,47.482,-111.371
GTR,33.45,-88.591
GUA,14.583,-90.528
GUC,38.535,-106.935
GUF,30.291,-87.672
GUM,13.485,144.797
GVA,46.238,6.109
GYE,-2.157,-79.884
GYR,33.423,-112.376
HAK,19.935,110.459
HAV,22.989,-82.409
HDN,40.481,-107.218
HGR,39.709,-77.728
HHH,32.224,-80.698
HIB,47.385,-92.837
HKG,22.312,113.915
HLN,46.607,-111.983
HMO,29.093,-111.053
HND,35.55,139.787
HNL,21.318,-157.926
HOB,32.688,-103.217
HOG,20.785,-76.316
HOU,29.645,-95.277
HPN,41.067,-73.708
HRL,26.229,-97.654
HSV,34.636,-86.774
HTS,38.367,-82.558
HUF,39.452,-87.308
HUX,15.775,-96.26
HYA,41.669,-70.28
HYS,38.845,-99.273
IAD,38.944,-77.456
IAG,43.107,-78.946
IAH,29.984,-95.341
ICN,37.469,126.451
ICT,37.65,-97.429
IDA,43.515,-112.071
IFP,35.155,-114.559
IGM,35.259,-113.938
ILM,34.272,-77.905
IMT,45.819,-88.115
IND,39.717,-86.294
INL,48.566,-93.403
ISM,28.29,-81.437
ISO,35.331,-77.609
ISP,40.796,-73.102
IST,41.275,28.732
ITH,42.491,-76.458
ITO,19.721,-155.045
JAC,43.607,-110.738
JAI,26.824,75.812
JAN,32.311,-90.076
JAX,30.492,-81.688
JFK,40.639,-73.779
JLN,37.152,-94.498
JMS,46.93,-98.678
JNB,-26.14,28.247
JNU,58.355,-134.574
JST,40.316,-78.834
KEF,63.985,-22.606
KIN,17.936,-76.787
KIX,34.427,135.244
KOA,19.739,-156.046
KSA,5.357,162.958
KTN,55.356,-131.714
KWA,8.72,167.732
LAF,40.413,-86.939
LAN,42.778,-84.586
LAP,24.072,-110.363
LAR,41.312,-105.675
LAS,36.083,-115.152
LAW,34.568,-98.417
LAX,33.943,-118.408
LBB,33.664,-101.823
LBE,40.276,-79.405
LBF,41.126,-100.684
LBL,37.044,-100.96
LCH,30.126,-93.223
LCK,39.814,-82.928
LEX,38.035,-84.607
LFT,30.205,-91.988
LFW,6.166,1.255
LGA,40.777,-73.873
LGB,33.817,-118.15
LGW,51.149,-0.186
LHR,51.471,-0.46
LIH,21.974,-159.337
LIM,-12.022,-77.114
LIR,10.593,-85.544
LIS,38.781,-9.136
LIT,34.729,-92.224
LNK,40.845,-96.762
LOS,6.577,3.321
LRD,27.544,-99.462
LRM,18.452,-68.911
LRU,32.289,-106.922
LSE,43.879,-91.257
LTO,25.99,-111.348
LUX,49.627,6.212
LWS,46.375,-117.015
LYH,37.327,-79.2
MAD,40.493,-3.572
MAF,31.942,-102.202
MAJ,7.065,171.272
MAN,53.349,-2.28
MAO,-3.039,-60.05
MBJ,18.503,-77.913
MBS,43.533,-84.083
MCI,39.302,-94.714
MCN,32.693,-83.649
MCO,28.429,-81.309
MCT,23.6,58.285
MCW,43.16,-93.33
MDE,6.165,-75.423
MDT,40.193,-76.762
MDW,41.786,-87.752
MDZ,-32.832,-68.793
MEC,-0.946,-80.679
MEI,32.333,-88.752
MEL,-37.671,144.838
MEM,35.044,-89.976
MEX,19.436,-99.07
MFE,26.176,-98.238
MFR,42.374,-122.873
MGA,12.142,-86.168
MGM,32.301,-86.394
MGW,39.643,-79.918
MHH,26.511,-77.084
MHK,39.141,-96.671
MHT,42.933,-71.436
MIA,25.796,-80.29
MID,20.93,-89.645
MKE,42.947,-87.897
MLB,28.102,-80.641
MLI,41.449,-90.508
MLM,19.85,-101.025
MLU,32.511,-92.038
MNL,14.509,121.02
MOB,30.691,-88.243
MOT,48.258,-101.279
MQT,46.351,-87.396
MRY,36.587,-121.844
MSN,43.14,-89.338
MSO,46.916,-114.091
MSP,44.88,-93.222
MSY,29.993,-90.265
MTJ,38.51,-107.894
MTY,25.779,-100.107
MUC,48.354,11.786
MVD,-34.836,-56.026
MVY,41.393,-70.614
MWH,47.208,-119.32
MXP,45.631,8.728
MYR,33.68,-78.928
MZJ,32.511,-111.328
MZT,23.163,-106.265
NAN,-17.762,177.438
NAP,40.886,14.291
NAS,25.039,-77.466
NCE,43.658,7.216
NGO,34.858,136.805
NKG,31.735,118.866
NLU,19.744,-99.015
NRT,35.769,140.389
OAJ,34.829,-77.612
OAK,37.72,-122.221
OAX,16.999,-96.726
OCJ,18.404,-76.97
OGD,41.196,-112.012
OGG,20.896,-156.432
OKC,35.393,-97.598
OLB,40.899,9.518
OMA,41.303,-95.894
OME,64.512,-165.445
ONT,34.056,-117.601
OOL,-28.166,153.507
OPF,25.907,-80.278
OPO,41.248,-8.681
ORD,41.979,-87.905
ORF,36.895,-76.201
ORH,42.267,-71.876
OSR,49.696,18.111
OTH,43.417,-124.246
OTZ,66.885,-162.599
PAE,47.906,-122.282
PAP,18.58,-72.293
PBC,19.158,-98.372
PBG,44.651,-73.468
PBM,5.453,-55.188
PDL,37.741,-25.698
PDX,45.589,-122.598
PEI,4.813,-75.74
PEK,40.077,116.597
PGD,26.92,-81.991
PGV,35.636,-77.384
PHF,37.132,-76.493
PHL,39.872,-75.241
PHX,33.435,-112.006
PIA,40.664,-89.693
PIB,31.467,-89.337
PIE,27.91,-82.687
PIH,42.91,-112.596
PIR,44.383,-100.286
PIT,40.492,-80.233
PKX,39.501,116.414
PLN,45.571,-84.797
PLS,21.774,-72.268
PMI,39.552,2.739
PMO,38.176,13.091
PNI,6.985,158.21
PNS,30.473,-87.187
POP,19.758,-70.57
POS,10.595,-61.338
PPG,-14.331,-170.71
PPT,-17.553,-149.607
PQI,46.689,-68.045
PRC,34.654,-112.42
PRG,50.101,14.26
PSC,46.265,-119.119
PSE,18.008,-66.563
PSG,56.802,-132.945
PSM,43.078,-70.823
PSP,33.83,-116.507
PTP,16.265,-61.533
PTY,9.071,-79.383
PUB,38.289,-104.497
PUJ,18.567,-68.365
PUS,35.18,128.938
PUW,46.742,-117.112
PVD,41.725,-71.426
PVG,31.143,121.805
PVR,20.68,-105.254
PVU,40.219,-111.722
PWM,43.646,-70.309
PXM,15.877,-97.089
QRO,20.619,-100.186
RAK,31.605,-8.036
RAP,44.045,-103.057
RAR,-21.203,-159.806
RDD,40.509,-122.293
RDM,44.254,-121.15
RDU,35.879,-78.787
RFD,42.195,-89.097
RHI,45.631,-89.467
RIC,37.505,-77.32
RIW,43.064,-108.46
RKS,41.594,-109.065
RNO,39.499,-119.768
ROA,37.326,-79.975
ROC,43.119,-77.672
ROR,7.367,134.544
ROS,-32.904,-60.785
ROW,33.302,-104.531
RST,43.908,-92.5
RSW,26.535,-81.753
RTB,16.317,-86.523
SAF,35.617,-106.089
SAL,13.444,-89.056
SAN,32.734,-117.19
SAP,15.453,-87.924
SAT,29.534,-98.47
SAV,32.127,-81.2
SBA,34.426,-119.84
SBN,41.708,-86.317
SBP,35.237,-120.642
SBY,38.34,-75.51
SCC,70.195,-148.465
SCE,40.849,-77.849
SCK,37.893,-121.238
SCL,-33.393,-70.786
SCQ,42.896,-8.415
SCU,19.975,-75.836
SDF,38.171,-85.735
SDQ,18.43,-69.669
SEA,47.448,-122.31
SFB,28.774,-81.235
SFO,37.62,-122.375
SGF,37.245,-93.389
SGU,37.036,-113.51
SHA,31.198,121.334
SHR,44.769,-106.98
SHV,32.445,-93.827
SID,16.741,-22.949
SIN,1.35,103.994
SIT,57.047,-135.362
SJC,37.362,-121.929
SJD,23.152,-109.721
SJO,9.994,-84.209
SJT,31.358,-100.496
SJU,18.439,-66.002
SKB,17.311,-62.719
SLC,40.789,-111.98
SLN,38.791,-97.652
SLP,22.262,-100.936
SLW,25.538,-100.928
SMA,36.971,-25.171
SMF,38.695,-121.591
SMX,34.899,-120.457
SNA,33.675,-117.869
SNN,52.702,-8.925
SNU,22.492,-79.943
SPI,39.844,-89.678
SPN,15.119,145.729
SPS,33.989,-98.492
SPU,43.539,16.298
SRQ,27.395,-82.554
STC,45.547,-94.06
STI,19.404,-70.604
STL,38.749,-90.37
STR,48.69,9.222
STS,38.509,-122.813
STT,18.337,-64.977
STX,17.701,-64.803
SUN,43.504,-114.296
SUX,42.398,-96.382
SVD,13.16,-61.149
SWF,41.504,-74.109
SWO,36.162,-97.086
SXM,18.041,-63.109
SYD,-33.946,151.177
SYR,43.111,-76.106
TAM,22.293,-97.867
TCM,47.138,-122.476
TER,38.762,-27.091
TFS,28.044,-16.572
TKK,7.462,151.843
TLH,30.401,-84.354
TLV,32.011,34.887
TOL,41.587,-83.808
TPA,27.976,-82.533
TPE,25.078,121.233
TPQ,21.42,-104.842
TQO,20.172,-87.66
TRC,25.562,-103.405
TRI,36.475,-82.407
TTN,40.277,-74.813
TUL,36.197,-95.886
TUS,32.115,-110.938
TVC,44.741,-85.582
TWF,42.482,-114.488
TXK,33.454,-93.991
TYR,32.354,-95.402
TYS,35.811,-83.994
UIO,-0.125,-78.354
USA,35.388,-80.709
UVF,13.733,-60.953
VCE,45.505,12.352
VCP,-23.007,-47.135
VCT,28.853,-96.919
VER,19.14,-96.189
VLD,30.782,-83.277
VPS,30.481,-86.516
VQQ,30.219,-81.877
VRA,23.034,-81.435
VRB,27.656,-80.418
VVI,-17.645,-63.135
WRG,56.484,-132.37
WYS,44.688,-111.118
XNA,36.282,-94.307
XPL,14.382,-87.621
XSC,21.516,-71.529
XWA,48.261,-103.751
YAK,59.509,-139.66
YAP,9.499,138.083
YEG,53.31,-113.58
YFB,63.756,-68.556
YHZ,44.881,-63.509
YIP,42.238,-83.53
YKM,46.568,-120.544
YOW,45.322,-75.669
YQB,46.791,-71.393
YQM,46.113,-64.677
YQX,48.936,-54.568
YUL,45.468,-73.742
YUM,32.651,-114.609
YVR,49.194,-123.184
YWG,49.91,-97.24
YYC,51.119,-114.01
YYJ,48.647,-123.428
YYR,53.319,-60.426
YYT,47.619,-52.752
YYZ,43.676,-79.629
ZCL,22.895,-102.687
ZIH,17.602,-101.461
ZLO,19.145,-104.559
ZRH,47.458,8.548
