mkt,o,d,mask,times,arrs,asof
AA,AKL,LAX,0,1550,710,2026-10-08
AA,AMS,JFK,0,1135,1440,2026-10-08
AA,ANU,JFK,0,1700 1800,2145 2150,2026-10-08
AA,ANU,MIA,127,1430 1625,1805 2005,2026-10-08
AA,AUA,MIA,127,1430 1705,1740 2015,2026-10-08
AA,AXA,MIA,36,1355 1455 1540 1735,1710 1805 1805 2010,2026-10-08
AA,BAQ,LAX,0,1435,2010,2026-10-08
AA,BAQ,MIA,127,1335,1735,2026-10-08
AA,BCN,JFK,127,1030,1300,2026-10-08
AA,BCN,MIA,127,1330,1745,2026-10-08
AA,BDA,JFK,127,1120,1245,2026-10-08
AA,BDA,MIA,127,830,1030,2026-10-08
AA,BGI,MIA,127,700 1550,1110 2000,2026-10-08
AA,BIM,MIA,37,1345,1430,2026-10-08
AA,BOG,MIA,127,630 1410,1135 1920,2026-10-08
AA,BON,MIA,37,1405,1720,2026-10-08
AA,BOS,LHR,127,2005,800,2026-10-08
AA,BZE,MIA,127,1345 1455,1800 1910,2026-10-08
AA,CAP,MIA,0,1350,1605,2026-10-08
AA,CCS,MIA,127,1440,1810,2026-10-08
AA,CDG,JFK,119,1100,1315,2026-10-08
AA,CLO,MIA,127,1415,1915,2026-10-08
AA,CMW,MIA,121,1440,1605,2026-10-08
AA,CTG,MIA,127,1335,1740,2026-10-08
AA,CUN,JFK,0,1140 1635,1640 2035,2026-10-08
AA,CUN,LAX,32,1730,2020,2026-10-08
AA,CUN,MIA,127,1245 1410 1625,1535 1705 1915,2026-10-08
AA,CUR,MIA,127,1445 1615,1805 1930,2026-10-08
AA,CZM,MIA,127,1435,1715,2026-10-08
AA,DEL,JFK,127,2330,610,2026-10-08
AA,DOM,MIA,127,1420,1755,2026-10-08
AA,EDI,JFK,127,1030,1310,2026-10-08
AA,EIS,MIA,127,1400 1550,1655 1845,2026-10-08
AA,ELH,MIA,127,1205,1305,2026-10-08
AA,EZE,JFK,127,2110,655,2026-10-08
AA,EZE,MIA,127,2040 2230,455 645,2026-10-08
AA,FCO,JFK,127,1105,1435,2026-10-08
AA,FCO,MIA,127,1415,1925,2026-10-08
AA,FDF,MIA,74,1430,1825,2026-10-08
AA,FPO,MIA,127,1145,1235,2026-10-08
AA,GCM,MIA,127,800 1200 1410,1040 1440 1650,2026-10-08
AA,GEO,JFK,127,1600,2200,2026-10-08
AA,GEO,MIA,127,700,1140,2026-10-08
AA,GGT,MIA,127,1200 1310 1420,1315 1425 1535,2026-10-08
AA,GHB,MIA,0,1445,1555,2026-10-08
AA,GIG,JFK,0,2300,710,2026-10-08
AA,GIG,MIA,127,2210,540,2026-10-08
AA,GND,MIA,127,1505,1900,2026-10-08
AA,GRU,JFK,127,2230,705,2026-10-08
AA,GRU,MIA,127,2125 2315,450 645,2026-10-08
AA,GUA,MIA,127,600 1405 1505,1045 1855 1955,2026-10-08
AA,GYE,MIA,127,600 1430,1135 2005,2026-10-08
AA,HAV,MIA,127,920 1030 1300 1450 1825,1035 1145 1410 1605 1940,2026-10-08
AA,HND,JFK,127,1745,1755,2026-10-08
AA,HND,LAX,127,1155 1945,600 1345,2026-10-08
AA,HOG,MIA,127,1500,1635,2026-10-08
AA,JFK,AMS,0,1900,905,2026-10-08
AA,JFK,ANU,0,820,1340,2026-10-08
AA,JFK,BCN,127,1705,645,2026-10-08
AA,JFK,BDA,127,700,1020,2026-10-08
AA,JFK,CDG,127,1750,720,2026-10-08
AA,JFK,CUN,0,725,1135,2026-10-08
AA,JFK,DEL,127,2045,2100,2026-10-08
AA,JFK,EDI,127,2040,830,2026-10-08
AA,JFK,EZE,127,2320,1105,2026-10-08
AA,JFK,FCO,127,2000,1020,2026-10-08
AA,JFK,GEO,127,910,1500,2026-10-08
AA,JFK,GIG,0,2235,1015,2026-10-08
AA,JFK,GRU,127,2040,715,2026-10-08
AA,JFK,HND,127,1030,1355,2026-10-08
AA,JFK,LHR,127,935 1810 1915,2140 625 720,2026-10-08
AA,JFK,MAD,127,1620,535,2026-10-08
AA,JFK,MBJ,0,700 900,1010 1315,2026-10-08
AA,JFK,MEX,127,920,1255,2026-10-08
AA,JFK,MXP,127,1900,905,2026-10-08
AA,JFK,PUJ,0,700 1130,1055 1635,2026-10-08
AA,JFK,TLV,0,2330,1700,2026-10-08
AA,JFK,YQB,113,1155,1350,2026-10-08
AA,JFK,YYZ,0,800 1940,1000 2145,2026-10-08
AA,KIN,MIA,127,1155 1705,1450 2005,2026-10-08
AA,LAX,AKL,0,2335,955,2026-10-08
AA,LAX,CUN,32,835 915,1630 1600,2026-10-08
AA,LAX,HND,127,40 1150,445 1550,2026-10-08
AA,LAX,LHR,127,1630 1810,1105 1245,2026-10-08
AA,LAX,MEX,95,920,1400,2026-10-08
AA,LAX,PVR,0,900 1200,1300 1715,2026-10-08
AA,LAX,SJD,127,1200,1435,2026-10-08
AA,LAX,SYD,127,2250,805,2026-10-08
AA,LAX,YVR,127,940,1255,2026-10-08
AA,LGA,YUL,127,825,950,2026-10-08
AA,LGA,YYZ,127,840 1020 1300 1705 2130,1015 1205 1445 1845 2300,2026-10-08
AA,LHR,BOS,127,1005,1240,2026-10-08
AA,LHR,JFK,127,1030 1410 1805,1320 1700 2105,2026-10-08
AA,LHR,LAX,127,820 1655,1135 2010,2026-10-08
AA,LHR,MIA,127,1215,1700,2026-10-08
AA,LIM,MIA,127,630 2200 2345,1330 455 635,2026-10-08
AA,LIR,MIA,127,1445,1950,2026-10-08
AA,LRM,MIA,0,1435,1655,2026-10-08
AA,MAD,JFK,127,1220,1420,2026-10-08
AA,MAD,MIA,127,1300,1635,2026-10-08
AA,MBJ,JFK,0,1110 1415,1610 1810,2026-10-08
AA,MBJ,MIA,127,1340 1715,1625 2005,2026-10-08
AA,MDE,MIA,127,600 1350,1045 1840,2026-10-08
AA,MEX,JFK,127,2320,615,2026-10-08
AA,MEX,LAX,95,1500,1810,2026-10-08
AA,MEX,MIA,127,535 1055 1355,1055 1620 1925,2026-10-08
AA,MGA,MIA,127,1235,1720,2026-10-08
AA,MHH,MIA,127,1145,1250,2026-10-08
AA,MIA,ANU,127,1005 1205,1330 1525,2026-10-08
AA,MIA,AUA,127,1030 1310,1330 1600,2026-10-08
AA,MIA,AXA,36,1105 1315,1415 1655,2026-10-08
AA,MIA,BAQ,127,1040,1235,2026-10-08
AA,MIA,BCN,127,1645,735,2026-10-08
AA,MIA,BDA,127,1805,2155,2026-10-08
AA,MIA,BGI,127,1100 1805,1450 2200,2026-10-08
AA,MIA,BIM,37,1220,1305,2026-10-08
AA,MIA,BOG,127,1010 1830,1300 2115,2026-10-08
AA,MIA,BON,37,1015,1335,2026-10-08
AA,MIA,BZE,127,1205,1225,2026-10-08
AA,MIA,CAP,0,1030,1250,2026-10-08
AA,MIA,CCS,127,1010,1335,2026-10-08
AA,MIA,CLO,127,1025,1315,2026-10-08
AA,MIA,CMW,121,1220,1340,2026-10-08
AA,MIA,CTG,127,1040,1235,2026-10-08
AA,MIA,CUN,127,1050 1215 1430,1145 1305 1525,2026-10-08
AA,MIA,CUR,127,1040 1210,1345 1510,2026-10-08
AA,MIA,CZM,127,1305,1355,2026-10-08
AA,MIA,DOM,127,1005,1340,2026-10-08
AA,MIA,EIS,127,1020 1210,1320 1510,2026-10-08
AA,MIA,ELH,127,1015,1125,2026-10-08
AA,MIA,EZE,127,2115 2255,710 845,2026-10-08
AA,MIA,FCO,127,1925,1120,2026-10-08
AA,MIA,FDF,74,1005,1340,2026-10-08
AA,MIA,FPO,127,1010,1105,2026-10-08
AA,MIA,GCM,127,1025 1230 1825,1100 1310 1900,2026-10-08
AA,MIA,GEO,127,1810,2240,2026-10-08
AA,MIA,GGT,127,1000 1110,1120 1230,2026-10-08
AA,MIA,GHB,0,1005,1120,2026-10-08
AA,MIA,GIG,127,2300,820,2026-10-08
AA,MIA,GND,127,1020,1405,2026-10-08
AA,MIA,GRU,127,2030 2255,555 820,2026-10-08
AA,MIA,GUA,127,1015 1315 1835,1105 1405 1925,2026-10-08
AA,MIA,GYE,127,1000 1915,1330 2240,2026-10-08
AA,MIA,HAV,127,700 815 1035 1230 1605,820 930 1200 1350 1725,2026-10-08
AA,MIA,HOG,127,1230,1400,2026-10-08
AA,MIA,KIN,127,1005 1510,1055 1600,2026-10-08
AA,MIA,LHR,127,1915,900,2026-10-08
AA,MIA,LIM,127,1545 1740 2325,2030 2225 410,2026-10-08
AA,MIA,LIR,127,1225,1320,2026-10-08
AA,MIA,LRM,0,1045,1355,2026-10-08
AA,MIA,MAD,127,1925,955,2026-10-08
AA,MIA,MBJ,127,1030 1210,1120 1300,2026-10-08
AA,MIA,MDE,127,1020 1750,1250 2015,2026-10-08
AA,MIA,MEX,127,825 1820,955 2000,2026-10-08
AA,MIA,MGA,127,1050,1135,2026-10-08
AA,MIA,MHH,127,1000,1105,2026-10-08
AA,MIA,MID,127,1045,1050,2026-10-08
AA,MIA,MTY,127,1900,2030,2026-10-08
AA,MIA,MVD,0,2255,1010,2026-10-08
AA,MIA,MXP,127,2005,1130,2026-10-08
AA,MIA,NAS,127,825 1010 1205 1650 1905,925 1115 1305 1755 2010,2026-10-08
AA,MIA,OCJ,36,1025 1210,1115 1300,2026-10-08
AA,MIA,PLS,127,1005 1225,1200 1410,2026-10-08
AA,MIA,POP,127,1015,1230,2026-10-08
AA,MIA,POS,127,1010,1410,2026-10-08
AA,MIA,PTY,127,1055,1300,2026-10-08
AA,MIA,PUJ,127,825 1005 1235,1050 1240 1505,2026-10-08
AA,MIA,RTB,127,1240,1255,2026-10-08
AA,MIA,SAL,127,1045,1130,2026-10-08
AA,MIA,SAP,127,1210,1235,2026-10-08
AA,MIA,SCL,127,2300,810,2026-10-08
AA,MIA,SCU,121,835,1015,2026-10-08
AA,MIA,SDQ,127,700 1105 1300 1830,920 1335 1520 2050,2026-10-08
AA,MIA,SJO,127,1100 1920,1200 2020,2026-10-08
AA,MIA,SKB,127,1025,1340,2026-10-08
AA,MIA,SNU,127,1240,1345,2026-10-08
AA,MIA,STI,127,1205,1410,2026-10-08
AA,MIA,SVD,127,1015,1405,2026-10-08
AA,MIA,SXM,127,1010 1230,1325 1540,2026-10-08
AA,MIA,TQO,0,1230 1315,1335 1530,2026-10-08
AA,MIA,UIO,127,1750,2105,2026-10-08
AA,MIA,UVF,127,1000 1130,1340 1505,2026-10-08
AA,MIA,VRA,121,825,930,2026-10-08
AA,MIA,XPL,127,1035 1220,1110 1300,2026-10-08
AA,MIA,YUL,0,1945,2330,2026-10-08
AA,MIA,YYZ,127,2005,2330,2026-10-08
AA,MID,MIA,127,1130,1530,2026-10-08
AA,MTY,MIA,127,600,1110,2026-10-08
AA,MXP,JFK,127,1100,1400,2026-10-08
AA,MXP,MIA,127,1320,1750,2026-10-08
AA,NAS,MIA,127,1025 1205 1410 1840,1135 1315 1515 1955,2026-10-08
AA,OCJ,MIA,36,1155 1250 1340,1440 1440 1625,2026-10-08
AA,PLS,MIA,127,1300 1500,1500 1700,2026-10-08
AA,POP,MIA,127,1320,1530,2026-10-08
AA,POS,MIA,127,1510,1920,2026-10-08
AA,PTY,MIA,127,1400,1815,2026-10-08
AA,PUJ,JFK,0,1155 1445,1600 1800,2026-10-08
AA,PUJ,MIA,127,1150 1340 1605,1425 1620 1845,2026-10-08
AA,PVR,LAX,0,1405 1800,1625 1930,2026-10-08
AA,RTB,MIA,127,1345,1755,2026-10-08
AA,SAL,MIA,127,1230,1715,2026-10-08
AA,SAP,MIA,127,1335,1805,2026-10-08
AA,SCL,MIA,127,2130,500,2026-10-08
AA,SCU,MIA,121,1115,1255,2026-10-08
AA,SDQ,MIA,127,700 1025 1435 1620,925 1250 1700 1850,2026-10-08
AA,SJD,LAX,127,1515,1800,2026-10-08
AA,SJO,MIA,127,1500,2010,2026-10-08
AA,SKB,MIA,127,1440,1805,2026-10-08
AA,SNU,MIA,127,1445,1555,2026-10-08
AA,STI,MIA,127,1510,1725,2026-10-08
AA,SVD,MIA,127,1455,1850,2026-10-08
AA,SXM,MIA,127,1425 1640,1750 2005,2026-10-08
AA,SYD,LAX,127,1010,605,2026-10-08
AA,TLV,JFK,0,20,530,2026-10-08
AA,TQO,MIA,0,1435 1610,1725 1800,2026-10-08
AA,UIO,MIA,127,600,1115,2026-10-08
AA,UVF,MIA,127,1440 1605,1835 1955,2026-10-08
AA,VRA,MIA,121,1030,1135,2026-10-08
AA,XPL,MIA,127,1210 1400,1645 1835,2026-10-08
AA,YQB,JFK,113,1430,1625,2026-10-08
AA,YUL,LGA,127,1030,1205,2026-10-08
AA,YUL,MIA,0,715,1115,2026-10-08
AA,YVR,LAX,127,1340,1700,2026-10-08
AA,YYZ,JFK,0,715 1040,900 1225,2026-10-08
AA,YYZ,LGA,127,720 1055 1245 1530 1925,905 1235 1430 1710 2115,2026-10-08
AA,YYZ,MIA,127,600,935,2026-10-08
AS,BZE,LAX,64,1005,1430,2026-10-08
AS,CUN,SEA,0,1615 1710,2100 2040,2026-10-08
AS,FCO,SEA,123,1515,1750,2026-10-08
AS,GDL,LAX,127,1600,1825,2026-10-08
AS,GUA,LAX,127,1020,1440,2026-10-08
AS,ICN,SEA,121,1935,1340,2026-10-08
AS,LAP,LAX,50,1400,1645,2026-10-08
AS,LAX,BZE,32,1110,1740,2026-10-08
AS,LAX,GDL,127,1035,1450,2026-10-08
AS,LAX,GUA,127,2335,520,2026-10-08
AS,LAX,LAP,50,1040,1310,2026-10-08
AS,LAX,LIR,37,1305,2025,2026-10-08
AS,LAX,LTO,110,1040,1300,2026-10-08
AS,LAX,MZT,53,1040,1340,2026-10-08
AS,LAX,PVR,127,1055,1505,2026-10-08
AS,LAX,SJD,127,705 1025,935 1255,2026-10-08
AS,LAX,SJO,88,1235 1550,1930 2325,2026-10-08
AS,LAX,ZIH,36,950,1430,2026-10-08
AS,LAX,ZLO,104,1020,1450,2026-10-08
AS,LHR,SEA,127,1700,1900,2026-10-08
AS,LIR,LAX,74,915,1410,2026-10-08
AS,LTO,LAX,110,1350,1600,2026-10-08
AS,MZT,LAX,53,1430,1725,2026-10-08
AS,NRT,SEA,127,1800,1050,2026-10-08
AS,PVR,LAX,127,1615,1825,2026-10-08
AS,PVR,SEA,127,1535,1945,2026-10-08
AS,SEA,BZE,0,800,1605,2026-10-08
AS,SEA,CUN,0,700,1600,2026-10-08
AS,SEA,FCO,125,1730,1315,2026-10-08
AS,SEA,ICN,124,1335,1730,2026-10-08
AS,SEA,LHR,127,2140,1505,2026-10-08
AS,SEA,NRT,127,1320,1600,2026-10-08
AS,SEA,PVR,127,835,1425,2026-10-08
AS,SEA,SJD,127,1140,1610,2026-10-08
AS,SEA,YEG,127,1740,2030,2026-10-08
AS,SEA,YVR,127,955 1120 1330 1530 1955 2300,1050 1215 1425 1630 2055 0,2026-10-08
AS,SEA,YYC,127,800 1535,1045 1810,2026-10-08
AS,SEA,YYJ,16,1135 1535 2130,1230 1630 2225,2026-10-08
AS,SEA,YYZ,127,800,1545,2026-10-08
AS,SJD,LAX,127,1300 1720,1540 2000,2026-10-08
AS,SJD,SEA,127,1245,1720,2026-10-08
AS,SJO,LAX,49,125 710,600 1235,2026-10-08
AS,YEG,SEA,127,800,905,2026-10-08
AS,YVR,SEA,127,600 805 1150 1310 1520 1725,710 910 1255 1415 1625 1830,2026-10-08
AS,YYC,SEA,127,1135 1900,1220 1950,2026-10-08
AS,YYJ,SEA,16,610 1320 1720,700 1415 1820,2026-10-08
AS,YYZ,SEA,127,1655,1925,2026-10-08
AS,ZIH,LAX,36,1540,1825,2026-10-08
AS,ZLO,LAX,104,1540,1815,2026-10-08
B6,AMS,BOS,127,1120,1335,2026-10-08
B6,AUA,BOS,127,1340 1700,1835 2150,2026-10-08
B6,AUA,JFK,127,1240 1715,1720 2155,2026-10-08
B6,BCN,BOS,127,1250,1535,2026-10-08
B6,BDA,BOS,127,1300,1445,2026-10-08
B6,BGI,BOS,32,1425,1935,2026-10-08
B6,BGI,JFK,119,1530,2040,2026-10-08
B6,BOS,AMS,127,2010,920,2026-10-08
B6,BOS,AUA,127,730 1045,1220 1540,2026-10-08
B6,BOS,BCN,127,2040,950,2026-10-08
B6,BOS,BDA,127,815,1130,2026-10-08
B6,BOS,BGI,32,800,1300,2026-10-08
B6,BOS,CDG,127,2120,1030,2026-10-08
B6,BOS,CUN,121,945,1315,2026-10-08
B6,BOS,DUB,127,2100,820,2026-10-08
B6,BOS,EDI,127,2235,1000,2026-10-08
B6,BOS,LHR,127,1840,630,2026-10-08
B6,BOS,MAD,127,2230,1130,2026-10-08
B6,BOS,MBJ,32,1020,1335,2026-10-08
B6,BOS,NAS,0,710 1130,1050 1510,2026-10-08
B6,BOS,PLS,32,700,1055,2026-10-08
B6,BOS,PUJ,127,810 1020,1220 1425,2026-10-08
B6,BOS,SDQ,127,1140 2200,1545 205,2026-10-08
B6,BOS,STI,127,2155,155,2026-10-08
B6,BOS,SXM,32,750 1040,1200 1455,2026-10-08
B6,CDG,BOS,119,1110,1330,2026-10-08
B6,CDG,JFK,127,1225,1455,2026-10-08
B6,CTG,JFK,127,1445,2040,2026-10-08
B6,CUN,BOS,120,1435,1945,2026-10-08
B6,CUN,JFK,127,1425 1605,1915 2050,2026-10-08
B6,CUR,JFK,120,1440,1920,2026-10-08
B6,DUB,BOS,127,1040,1250,2026-10-08
B6,DUB,JFK,127,1130,1400,2026-10-08
B6,EDI,BOS,127,1130,1350,2026-10-08
B6,EDI,JFK,127,1210,1445,2026-10-08
B6,GCM,JFK,0,1510,1930,2026-10-08
B6,GEO,JFK,127,115,700,2026-10-08
B6,GND,JFK,127,1520,2020,2026-10-08
B6,GYE,JFK,127,1655,25,2026-10-08
B6,JFK,AUA,127,635 920 1110,1120 1405 1600,2026-10-08
B6,JFK,BGI,127,900,1405,2026-10-08
B6,JFK,CDG,127,1935,915,2026-10-08
B6,JFK,CTG,127,920,1335,2026-10-08
B6,JFK,CUN,127,945 1125,1305 1445,2026-10-08
B6,JFK,CUR,120,845,1335,2026-10-08
B6,JFK,DUB,127,2110,900,2026-10-08
B6,JFK,EDI,127,2120,920,2026-10-08
B6,JFK,GCM,0,1030,1400,2026-10-08
B6,JFK,GEO,127,1815,5,2026-10-08
B6,JFK,GND,127,905,1410,2026-10-08
B6,JFK,GYE,127,630,1205,2026-10-08
B6,JFK,KIN,127,600 1130,905 1440,2026-10-08
B6,JFK,LHR,127,845 2105,2045 930,2026-10-08
B6,JFK,LIR,0,820 1040,1155 1515,2026-10-08
B6,JFK,MBJ,127,730 910,1035 1225,2026-10-08
B6,JFK,NAS,127,930,1250,2026-10-08
B6,JFK,PLS,127,925,1310,2026-10-08
B6,JFK,POP,127,1000,1400,2026-10-08
B6,JFK,POS,127,855,1400,2026-10-08
B6,JFK,PUJ,127,630 940,1030 1350,2026-10-08
B6,JFK,SDQ,127,630 1025 1355,1030 1440 1755,2026-10-08
B6,JFK,SJD,121,830,1125,2026-10-08
B6,JFK,SJO,32,915 1800 1910,1245 2235 2235,2026-10-08
B6,JFK,SKB,72,845,1305,2026-10-08
B6,JFK,STI,127,600 950 1630 2100,945 1350 2030 100,2026-10-08
B6,JFK,SVD,68,915,1425,2026-10-08
B6,JFK,SXM,63,900,1325,2026-10-08
B6,JFK,UVF,127,1030,1535,2026-10-08
B6,JFK,YVR,127,1830,2155,2026-10-08
B6,KIN,JFK,127,1015 1220,1505 1710,2026-10-08
B6,LHR,BOS,127,840,1120,2026-10-08
B6,LHR,JFK,127,815 1155,1120 1510,2026-10-08
B6,LIR,JFK,0,1355 1635,2105 2240,2026-10-08
B6,MAD,BOS,127,1330,1605,2026-10-08
B6,MBJ,BOS,32,1440,1945,2026-10-08
B6,MBJ,JFK,127,1145 1330,1630 1815,2026-10-08
B6,NAS,BOS,0,1155 1615,1520 1940,2026-10-08
B6,NAS,JFK,127,1355,1650,2026-10-08
B6,PLS,BOS,32,1210,1605,2026-10-08
B6,PLS,JFK,127,1415,1750,2026-10-08
B6,POP,JFK,127,1505,1845,2026-10-08
B6,POS,JFK,127,1550,2100,2026-10-08
B6,PUJ,BOS,127,1345 1610,1800 2025,2026-10-08
B6,PUJ,JFK,127,1135 1455,1530 1855,2026-10-08
B6,SDQ,BOS,127,315 1715,720 2125,2026-10-08
B6,SDQ,JFK,127,900 1155 1605,1250 1550 1955,2026-10-08
B6,SJD,JFK,113,1245,2105,2026-10-08
B6,SJO,JFK,32,0 1355,645 2100,2026-10-08
B6,SKB,JFK,72,1410,1835,2026-10-08
B6,STI,BOS,127,605,1000,2026-10-08
B6,STI,JFK,127,630 1215 1515 2140,1010 1605 1900 125,2026-10-08
B6,SVD,JFK,68,1530,2030,2026-10-08
B6,SXM,BOS,32,1320 1615,1750 2050,2026-10-08
B6,SXM,JFK,63,1445,1900,2026-10-08
B6,UVF,JFK,127,1640,2130,2026-10-08
B6,YVR,JFK,127,2315,735,2026-10-08
DL,ACC,JFK,127,930,1630,2026-10-08
DL,AKL,LAX,0,1445,605,2026-10-08
DL,AMS,ATL,127,915 1025 1320,1240 1405 1705,2026-10-08
DL,AMS,BOS,127,1125 1440,1315 1635,2026-10-08
DL,AMS,DTW,127,920 1055 1430,1135 1325 1720,2026-10-08
DL,AMS,JFK,127,1010 1445,1235 1705,2026-10-08
DL,AMS,MSP,127,940 1240 1440,1130 1445 1645,2026-10-08
DL,AMS,SEA,127,1020 1510,1150 1635,2026-10-08
DL,AMS,SLC,127,1050,1320,2026-10-08
DL,ANU,ATL,0,1505,1950,2026-10-08
DL,ARN,JFK,0,1020,1300,2026-10-08
DL,ATH,ATL,127,945,1500,2026-10-08
DL,ATH,BOS,127,1310,1645,2026-10-08
DL,ATH,JFK,127,1005,1405,2026-10-08
DL,ATL,ACC,0,1810,,2026-07-10
DL,ATL,AMS,127,1540 1710 1950,600 745 1030,2026-10-08
DL,ATL,ANU,32,940,,2026-07-10
DL,ATL,ATH,127,1715,1100,2026-10-08
DL,ATL,AUA,127,1010,1410,2026-10-08
DL,ATL,BCN,127,2205,1250,2026-10-08
DL,ATL,BDA,37,955,1350,2026-10-08
DL,ATL,BGI,32,945,1430,2026-10-08
DL,ATL,BOG,127,950 1530,1340 1915,2026-10-08
DL,ATL,BON,32,950,1400,2026-10-08
DL,ATL,BRU,127,1715,740,2026-10-08
DL,ATL,BZE,125,1005,1105,2026-10-08
DL,ATL,CDG,127,1540 1800 2155,610 840 1230,2026-10-08
DL,ATL,CPT,41,2105,1750,2026-10-08
DL,ATL,CTG,40,1010,1315,2026-10-08
DL,ATL,CUN,127,955 1140 1250 1835,1135 1315 1425 1955,2026-10-08
DL,ATL,CUR,112,945,1350,2026-10-08
DL,ATL,CZM,0,1110,1250,2026-10-08
DL,ATL,DUB,127,2000,845,2026-10-08
DL,ATL,EDI,127,2245,1150,2026-10-08
DL,ATL,ELH,0,1105,1310,2026-10-08
DL,ATL,EZE,127,2255,945,2026-10-08
DL,ATL,FCO,127,1605 1925,735 1050,2026-10-08
DL,ATL,FRA,119,1805,855,2026-10-08
DL,ATL,GCM,121,1000,1140,2026-10-08
DL,ATL,GDL,127,950,1130,2026-10-08
DL,ATL,GGT,0,1105,1325,2026-10-08
DL,ATL,GIG,85,2300 2350,1015 1015,2026-10-08
DL,ATL,GND,32,1000,1440,2026-10-08
DL,ATL,GRU,127,1900,540,2026-10-08
DL,ATL,GUA,127,1000,1125,2026-10-08
DL,ATL,HND,127,1100,1415,2026-10-08
DL,ATL,ICN,127,920 2335,1410 415,2026-10-08
DL,ATL,JNB,127,2220,1940,2026-10-08
DL,ATL,KIN,127,1820,2015,2026-10-08
DL,ATL,LHR,127,1705 2200 2355,625 1120 1315,2026-10-08
DL,ATL,LIM,127,1615,2155,2026-10-08
DL,ATL,LIR,127,945,1135,2026-10-08
DL,ATL,LOS,127,1720,945,2026-10-08
DL,ATL,MAD,127,2200,1215,2026-10-08
DL,ATL,MBJ,127,1000 1110 1345,1150 1300 1525,2026-10-08
DL,ATL,MEX,127,825 1020 1225 1750 2015,955 1150 1355 1920 2150,2026-10-08
DL,ATL,MHH,0,1105,1310,2026-10-08
DL,ATL,MTY,127,1010,1110,2026-10-08
DL,ATL,MUC,127,1720,825,2026-10-08
DL,ATL,MXP,127,1815,925,2026-10-08
DL,ATL,NAP,106,1520,705,2026-10-08
DL,ATL,NAS,127,940 1150,1150 1355,2026-10-08
DL,ATL,NCE,127,2100,,2026-07-10
DL,ATL,PLS,127,950,1240,2026-10-08
DL,ATL,POP,0,1140,1545,2026-10-08
DL,ATL,PTY,127,950,1300,2026-10-08
DL,ATL,PUJ,127,1000 1110,1330 1440,2026-10-08
DL,ATL,PVR,123,1045,1245,2026-10-08
DL,ATL,RTB,32,1115,1335,2026-10-08
DL,ATL,SAL,127,1100,1230,2026-10-08
DL,ATL,SAP,127,1000,1115,2026-10-08
DL,ATL,SCL,127,2210,815,2026-10-08
DL,ATL,SDQ,127,1005,1330,2026-10-08
DL,ATL,SJD,127,1005,1120,2026-10-08
DL,ATL,SJO,127,955,1200,2026-10-08
DL,ATL,SKB,32,950,,2026-07-10
DL,ATL,SVD,32,940,,2026-07-10
DL,ATL,SXM,125,945,1340,2026-10-08
DL,ATL,TQO,32,1120,1305,2026-10-08
DL,ATL,UIO,127,1450,1900,2026-10-08
DL,ATL,UVF,127,940,1410,2026-10-08
DL,ATL,VCE,127,1740,855,2026-10-08
DL,ATL,YUL,127,900 1500 2115,1140 1740 2355,2026-10-08
DL,ATL,YVR,32,1000,,2026-07-10
DL,ATL,YYZ,127,805 1000 1500 1940 2140,1025 1220 1720 2200 0,2026-10-08
DL,ATL,ZRH,123,1710,805,2026-10-08
DL,AUA,ATL,127,1525,1940,2026-10-08
DL,AUA,BOS,0,1235 1335 1700 1800,1735 1735 2210 2210,2026-10-08
DL,AUA,JFK,127,1355,1855,2026-10-08
DL,BCN,ATL,127,1100,1530,2026-10-08
DL,BCN,BOS,127,1515,1745,2026-10-08
DL,BCN,JFK,127,1055,1345,2026-10-08
DL,BCN,SEA,84,1320,1545,2026-10-08
DL,BDA,ATL,37,1505,1715,2026-10-08
DL,BDA,LGA,106,1615,1745,2026-10-08
DL,BER,JFK,127,950,1245,2026-10-08
DL,BGI,ATL,32,1540,2050,2026-10-08
DL,BNE,LAX,0,1040,605,2026-10-08
DL,BOG,ATL,127,900 1455,1500 2100,2026-10-08
DL,BON,ATL,32,1525,1950,2026-10-08
DL,BOS,AMS,127,1645 1855,540 800,2026-10-08
DL,BOS,ATH,127,1525,735,2026-10-08
DL,BOS,AUA,0,625 1045,1220 1645,2026-10-08
DL,BOS,BCN,127,1920,835,2026-10-08
DL,BOS,CDG,127,1905,810,2026-10-08
DL,BOS,CUN,32,850,1225,2026-10-08
DL,BOS,DUB,127,2340,1045,2026-10-08
DL,BOS,EDI,127,1940,705,2026-10-08
DL,BOS,FCO,127,1645,650,2026-10-08
DL,BOS,LHR,119,1905,645,2026-10-08
DL,BOS,LIS,127,2325,1045,2026-10-08
DL,BOS,MAD,127,1730,620,2026-10-08
DL,BOS,MBJ,0,920,1245,2026-10-08
DL,BOS,MXP,85,1955,925,2026-10-08
DL,BOS,NAS,0,925,1310,2026-10-08
DL,BOS,NCE,42,2005,935,2026-10-08
DL,BOS,PUJ,0,800,1305,2026-10-08
DL,BOS,YHZ,32,1045,,2026-07-10
DL,BRU,ATL,127,945,1330,2026-10-08
DL,BZE,ATL,125,1220,1725,2026-10-08
DL,CDG,ATL,127,925 1210 1540,1315 1555 1930,2026-10-08
DL,CDG,BOS,127,1145,1340,2026-10-08
DL,CDG,DTW,119,1100,1355,2026-10-08
DL,CDG,JFK,127,930 1130 1440,1155 1400 1710,2026-10-08
DL,CDG,LAX,127,1600,1845,2026-10-08
DL,CDG,MSP,119,1050,1325,2026-10-08
DL,CDG,SEA,127,1600,1745,2026-10-08
DL,CDG,SLC,127,1025,1320,2026-10-08
DL,CPH,JFK,127,900,1145,2026-10-08
DL,CPH,MSP,41,1355,1610,2026-10-08
DL,CPT,ATL,82,2005,625,2026-10-08
DL,CTA,JFK,127,955,1415,2026-10-08
DL,CTG,ATL,40,1430 1525,1945 1945,2026-10-08
DL,CUN,ATL,127,800 1100 1235 1425 1525,1135 1440 1615 1810 1900,2026-10-08
DL,CUN,BOS,32,1335 1430,1900 1845,2026-10-08
DL,CUN,DTW,125,1235 1405,1725 1900,2026-10-08
DL,CUN,JFK,127,1255,1755,2026-10-08
DL,CUN,LAX,127,1805,2105,2026-10-08
DL,CUN,MSP,125,1410 1535,1830 1935,2026-10-08
DL,CUN,SEA,0,1625 1720,2110 2105,2026-10-08
DL,CUN,SLC,127,1615,2010,2026-10-08
DL,CUR,ATL,112,1510,1935,2026-10-08
DL,CVG,CDG,0,1705,,2026-07-09
DL,CZM,ATL,0,1400,1740,2026-10-08
DL,DSS,JFK,84,900,1335,2026-10-08
DL,DTW,AMS,127,1630 1835 2230,600 815 1220,2026-10-08
DL,DTW,CDG,127,1840,840,2026-10-08
DL,DTW,CUN,125,835 1010,1125 1310,2026-10-08
DL,DTW,DUB,127,2200,,2026-07-10
DL,DTW,FCO,127,2000,1100,2026-10-08
DL,DTW,FRA,127,1940,950,2026-10-08
DL,DTW,HND,127,1345,1615,2026-10-08
DL,DTW,ICN,127,1220,1625,2026-10-08
DL,DTW,KEF,127,2200,,2026-07-10
DL,DTW,LHR,127,1840,710,2026-10-08
DL,DTW,MBJ,0,830,1245,2026-10-08
DL,DTW,MEX,127,900,1130,2026-10-08
DL,DTW,MUC,127,1630,655,2026-10-08
DL,DTW,NAS,0,840 1005,1200 1330,2026-10-08
DL,DTW,PUJ,0,850 1005,1415 1420,2026-10-08
DL,DTW,PVG,127,1140,1525,2026-10-08
DL,DTW,PVR,0,830,,2026-07-10
DL,DTW,SJD,0,910,1205,2026-10-08
DL,DTW,YUL,127,1005 1425 2135,1155 1615 2325,2026-10-08
DL,DTW,YYZ,127,730 1000 1215 1555 2135,850 1120 1335 1720 2255,2026-10-08
DL,DUB,ATL,127,1100,1450,2026-10-08
DL,DUB,BOS,127,1500,1715,2026-10-08
DL,DUB,JFK,127,1315,1555,2026-10-08
DL,DUB,MSP,127,1000,1225,2026-10-08
DL,EDI,ATL,127,900,1250,2026-10-08
DL,EDI,BOS,127,1120,1325,2026-10-08
DL,EDI,JFK,127,1405,1650,2026-10-08
DL,ELH,ATL,0,1405,1620,2026-10-08
DL,EZE,ATL,61,2010,530,2026-10-08
DL,EZE,JFK,0,2005,500,2026-10-08
DL,FCO,ATL,127,945 1310 1445,1500 1830 1945,2026-10-08
DL,FCO,BOS,127,1310,1645,2026-10-08
DL,FCO,DTW,127,900,1320,2026-10-08
DL,FCO,JFK,127,1010 1215,1405 1610,2026-10-08
DL,FCO,MSP,86,1445,1830,2026-10-08
DL,FCO,SEA,43,1220,1535,2026-10-08
DL,FRA,ATL,127,1040,1500,2026-10-08
DL,FRA,DTW,127,1100,1420,2026-10-08
DL,FRA,JFK,127,1150,1445,2026-10-08
DL,GCM,ATL,121,1255,1640,2026-10-08
DL,GDL,ATL,127,1255,1830,2026-10-08
DL,GGT,ATL,0,1420,1655,2026-10-08
DL,GIG,ATL,43,2100,550,2026-10-08
DL,GIG,JFK,0,2255,710,2026-10-08
DL,GND,ATL,32,1555 1635,2050 2045,2026-10-08
DL,GRU,ATL,127,2250,745,2026-10-08
DL,GRU,JFK,127,2030,530,2026-10-08
DL,GUA,ATL,127,1255,1825,2026-10-08
DL,HAV,MIA,127,1635,1755,2026-10-08
DL,HKG,LAX,127,925,740,2026-10-08
DL,HND,ATL,127,1515,1440,2026-10-08
DL,HND,DTW,127,1825,1725,2026-10-08
DL,HND,LAX,127,1635,1050,2026-10-08
DL,HND,MSP,127,1605,1315,2026-10-08
DL,HND,SEA,127,1620,925,2026-10-08
DL,HNL,HND,0,1640,,2026-07-09
DL,ICN,ATL,127,1625 1850,1700 1920,2026-10-08
DL,ICN,DTW,127,1015,1010,2026-10-08
DL,ICN,MSP,127,1940,1755,2026-10-08
DL,ICN,SEA,127,1900,1315,2026-10-08
DL,ICN,SLC,63,1920,1525,2026-10-08
DL,JFK,ACC,127,1650,700,2026-10-08
DL,JFK,AMS,127,1825 2240,800 1210,2026-10-08
DL,JFK,ARN,127,1810,,2026-07-10
DL,JFK,ATH,127,1510,750,2026-10-08
DL,JFK,AUA,127,750,1240,2026-10-08
DL,JFK,BCN,127,1855,845,2026-10-08
DL,JFK,BDA,89,825,,2026-07-10
DL,JFK,BER,127,1755,755,2026-10-08
DL,JFK,CDG,127,1915 2015 2240,905 1000 1215,2026-10-08
DL,JFK,CPH,127,1655,645,2026-10-08
DL,JFK,CTA,127,1645,755,2026-10-08
DL,JFK,CUN,127,830,1145,2026-10-08
DL,JFK,DSS,42,1900,700,2026-10-08
DL,JFK,DUB,127,2220,1000,2026-10-08
DL,JFK,EDI,127,2130,920,2026-10-08
DL,JFK,EZE,0,2200,1055,2026-10-08
DL,JFK,FCO,127,1730 1925,755 1005,2026-10-08
DL,JFK,FRA,127,1850,840,2026-10-08
DL,JFK,GIG,0,2210,950,2026-10-08
DL,JFK,GRU,127,2150,850,2026-10-08
DL,JFK,KEF,127,2355,930,2026-10-08
DL,JFK,LHR,127,2015 2200,850 1020,2026-10-08
DL,JFK,LIS,127,1955,800,2026-10-08
DL,JFK,LOS,0,1835,,2026-07-10
DL,JFK,MAD,127,2035,955,2026-10-08
DL,JFK,MBJ,127,820,1130,2026-10-08
DL,JFK,MEX,127,925,1255,2026-10-08
DL,JFK,MLA,84,1710,820,2026-10-08
DL,JFK,MXP,127,1640 2200,645 1205,2026-10-08
DL,JFK,NAP,127,1725,810,2026-10-08
DL,JFK,NAS,127,820,1140,2026-10-08
DL,JFK,NCE,127,1815,815,2026-10-08
DL,JFK,OPO,127,2235,1030,2026-10-08
DL,JFK,PLS,32,815 940,,2026-07-10
DL,JFK,PRG,127,1845,900,2026-10-08
DL,JFK,PUJ,127,830,1240,2026-10-08
DL,JFK,SDQ,127,835 1355,1235 1805,2026-10-08
DL,JFK,SNN,127,2355,,2026-07-10
DL,JFK,STI,127,835 1330,1235 1735,2026-10-08
DL,JFK,SXM,0,725,1215,2026-10-08
DL,JFK,TLV,127,1540,925,2026-10-08
DL,JFK,VCE,127,2105,1120,2026-10-08
DL,JFK,YYZ,127,935 1540 2130,1125 1740 2330,2026-10-08
DL,JFK,ZRH,127,2045,1035,2026-10-08
DL,JNB,ATL,127,2155,830,2026-10-08
DL,KEF,JFK,62,1125,1335,2026-10-08
DL,KIN,ATL,127,915,1325,2026-10-08
DL,LAX,AKL,0,2250,855,2026-10-08
DL,LAX,BNE,0,2350,830,2026-10-08
DL,LAX,CDG,127,1800,1350,2026-10-08
DL,LAX,CUN,127,1020,1705,2026-10-08
DL,LAX,HKG,127,2230,505,2026-10-08
DL,LAX,HND,127,1000,1400,2026-10-08
DL,LAX,MEL,85,2250,850,2026-10-08
DL,LAX,MEX,0,900,1335,2026-10-08
DL,LAX,PVG,118,1100,1605,2026-10-08
DL,LAX,PVR,127,1050,1505,2026-10-08
DL,LAX,SJD,127,1050,1325,2026-10-08
DL,LAX,SYD,127,2245,750,2026-10-08
DL,LAX,YVR,0,740 1410,1140 1810,2026-10-08
DL,LGA,BDA,106,1145,1505,2026-10-08
DL,LGA,NAS,0,1145,1515,2026-10-08
DL,LGA,YHZ,127,930 2005,,2026-07-09
DL,LGA,YUL,127,700 1710,830 1900,2026-10-08
DL,LGA,YYZ,127,730 1150 1425 1620 1930 2155,915 1340 1610 1810 2115 2335,2026-10-08
DL,LHR,ATL,127,920 1325 1515,1350 1755 1950,2026-10-08
DL,LHR,BOS,127,940,1220,2026-10-08
DL,LHR,DTW,127,1045,1425,2026-10-08
DL,LHR,JFK,127,1010 1145 1620,1455 1500 1940,2026-10-08
DL,LHR,MSP,127,1225,1520,2026-10-08
DL,LHR,SEA,127,1745,2015,2026-10-08
DL,LHR,SLC,110,1055,1440,2026-10-08
DL,LIM,ATL,127,5,805,2026-10-08
DL,LIR,ATL,127,1300,1900,2026-10-08
DL,LIR,MSP,0,1350,2015,2026-10-08
DL,LIS,BOS,127,1245,1530,2026-10-08
DL,LIS,JFK,127,1000,1300,2026-10-08
DL,LOS,ATL,127,1145,1915,2026-10-08
DL,MAD,ATL,127,950,1335,2026-10-08
DL,MAD,BOS,127,1435,1640,2026-10-08
DL,MAD,JFK,127,1245,1520,2026-10-08
DL,MBJ,ATL,127,1315 1425 1640,1715 1825 2040,2026-10-08
DL,MBJ,BOS,0,1425,1940,2026-10-08
DL,MBJ,DTW,0,1255 1410,1805 1825,2026-10-08
DL,MBJ,JFK,127,1300,1755,2026-10-08
DL,MBJ,MSP,0,1445 1610,1950 2015,2026-10-08
DL,MEL,LAX,86,1100,735,2026-10-08
DL,MEX,ATL,127,705 840 1110 1320 1530,1230 1405 1635 1845 2100,2026-10-08
DL,MEX,DTW,127,1240,1855,2026-10-08
DL,MEX,JFK,127,1415,2115,2026-10-08
DL,MEX,LAX,0,1455 1635,1810 1850,2026-10-08
DL,MEX,MSP,127,1355,1915,2026-10-08
DL,MEX,SLC,127,1510,1930,2026-10-08
DL,MHH,ATL,0,1355,1610,2026-10-08
DL,MIA,HAV,127,1350,1520,2026-10-08
DL,MLA,JFK,41,1020,1455,2026-10-08
DL,MNL,LAX,0,740,605,2026-10-08
DL,MSP,AMS,127,1555 1950 2145,655 1110 1300,2026-10-08
DL,MSP,CDG,127,1545,710,2026-10-08
DL,MSP,CPH,84,2030,1145,2026-10-08
DL,MSP,CUN,125,855,1300,2026-10-08
DL,MSP,CZM,0,1005,,2026-07-10
DL,MSP,DUB,127,1825,755,2026-10-08
DL,MSP,FCO,43,2020,1240,2026-10-08
DL,MSP,HND,127,1015,1305,2026-10-08
DL,MSP,ICN,127,1325,1720,2026-10-08
DL,MSP,KEF,127,2000,,2026-07-10
DL,MSP,LHR,127,2305,1305,2026-10-08
DL,MSP,LIR,0,705 815,1235 1230,2026-10-08
DL,MSP,MBJ,0,855,1330,2026-10-08
DL,MSP,MEX,127,915,1240,2026-10-08
DL,MSP,PUJ,0,700 745 900,1305 1455 1610,2026-10-08
DL,MSP,PVR,0,920,1400,2026-10-08
DL,MSP,SJD,0,710 1005,1045 1235,2026-10-08
DL,MSP,YUL,127,1945,2320,2026-10-08
DL,MSP,YVR,127,900 1845,1050 2035,2026-10-08
DL,MSP,YWG,127,1010 1510 2145,1150 1650 2320,2026-10-08
DL,MSP,YYC,127,1035 1840,1235 2040,2026-10-08
DL,MSP,YYZ,127,850 1515 2000,1200 1830 2315,2026-10-08
DL,MTY,ATL,127,1220,1710,2026-10-08
DL,MUC,ATL,127,1025,1455,2026-10-08
DL,MUC,DTW,127,900,1235,2026-10-08
DL,MXP,ATL,127,1140,1620,2026-10-08
DL,MXP,BOS,43,1135,1430,2026-10-08
DL,MXP,JFK,127,900 1415,1220 1735,2026-10-08
DL,NAP,ATL,85,905,1440,2026-10-08
DL,NAP,JFK,127,1015,1430,2026-10-08
DL,NAS,ATL,127,1315 1520,1535 1740,2026-10-08
DL,NAS,BOS,0,1440,1810,2026-10-08
DL,NAS,DTW,0,1315 1440,1650 1810,2026-10-08
DL,NAS,JFK,127,1305,1605,2026-10-08
DL,NAS,LGA,0,1625,1935,2026-10-08
DL,NCE,BOS,84,1145,1430,2026-10-08
DL,NCE,JFK,127,1015,1330,2026-10-08
DL,NRT,SEA,0,1830,1200,2026-10-08
DL,OLB,JFK,43,1120,1505,2026-10-08
DL,OPO,JFK,127,1245,1545,2026-10-08
DL,PLS,ATL,127,1405,1710,2026-10-08
DL,PLS,JFK,0,1325,1715,2026-10-08
DL,POP,ATL,0,1705,1940,2026-10-08
DL,PRG,JFK,127,1100,1425,2026-10-08
DL,PTY,ATL,127,1425,1940,2026-10-08
DL,PUJ,ATL,127,1455 1605,1845 1950,2026-10-08
DL,PUJ,BOS,0,1640 1735,2055 2055,2026-10-08
DL,PUJ,DTW,0,1335 1540,1825 1930,2026-10-08
DL,PUJ,JFK,127,1405,1815,2026-10-08
DL,PUJ,MSP,0,1340 1510 1620,1830 1955 2010,2026-10-08
DL,PVG,DTW,127,955,1135,2026-10-08
DL,PVG,LAX,45,1825,1525,2026-10-08
DL,PVG,SEA,127,1730,1310,2026-10-08
DL,PVR,ATL,123,1355,1940,2026-10-08
DL,PVR,LAX,127,1615,1825,2026-10-08
DL,PVR,MSP,0,1400 1510,1910 1920,2026-10-08
DL,PVR,SEA,0,1655,2110,2026-10-08
DL,PVR,SLC,121,1545,1920,2026-10-08
DL,RTB,ATL,32,1355 1450,1910 1905,2026-10-08
DL,SAL,ATL,127,1355,1935,2026-10-08
DL,SAP,ATL,0,1235 1335,1750 1750,2026-10-08
DL,SCL,ATL,127,2040,520,2026-10-08
DL,SDQ,ATL,127,1455,1835,2026-10-08
DL,SDQ,JFK,127,1405 1935,1810 2330,2026-10-08
DL,SEA,AMS,127,1345 1745,840 1225,2026-10-08
DL,SEA,BCN,42,1530,1110,2026-10-08
DL,SEA,CDG,127,1840,1350,2026-10-08
DL,SEA,CUN,0,715,1610,2026-10-08
DL,SEA,FCO,85,1405,1010,2026-10-08
DL,SEA,HND,127,1135,1420,2026-10-08
DL,SEA,ICN,127,1300,1650,2026-10-08
DL,SEA,LHR,127,2150,1535,2026-10-08
DL,SEA,NRT,0,1335,1620,2026-10-08
DL,SEA,PVG,127,1540,1950,2026-10-08
DL,SEA,PVR,0,955,1610,2026-10-08
DL,SEA,SJD,0,945,1450,2026-10-08
DL,SEA,TPE,127,1535,1955,2026-10-08
DL,SEA,YVR,127,925 1340 1735 2000 2145,1035 1455 1845 2115 2300,2026-10-08
DL,SJD,ATL,127,1225,1920,2026-10-08
DL,SJD,DTW,0,1310,1955,2026-10-08
DL,SJD,LAX,127,1430,1705,2026-10-08
DL,SJD,MSP,0,1045 1150 1340,1650 1710 1945,2026-10-08
DL,SJD,SEA,0,1510 1555,1955 1940,2026-10-08
DL,SJD,SLC,121,1335,1745,2026-10-08
DL,SJO,ATL,127,1325,1930,2026-10-08
DL,SLC,AMS,127,1630,1015,2026-10-08
DL,SLC,CDG,127,1530,930,2026-10-08
DL,SLC,CUN,127,945,1515,2026-10-08
DL,SLC,ICN,127,1055,1520,2026-10-08
DL,SLC,LHR,55,1720,1000,2026-10-08
DL,SLC,MEX,127,950,1350,2026-10-08
DL,SLC,PVR,121,1100,1435,2026-10-08
DL,SLC,SJD,121,1020,1230,2026-10-08
DL,SLC,YVR,127,1050 2105,1215 2235,2026-10-08
DL,SLC,YYC,127,925 2055,1145 2310,2026-10-08
DL,SLC,YYZ,95,1050,1645,2026-10-08
DL,STI,JFK,127,1400 1905,1800 2255,2026-10-08
DL,SXM,ATL,125,1505,1920,2026-10-08
DL,SXM,JFK,0,1520 1605,2010 1950,2026-10-08
DL,SYD,LAX,127,1015,600,2026-10-08
DL,TLV,JFK,127,1135,1700,2026-10-08
DL,TPA,AMS,0,2105,,2026-07-09
DL,TPE,SEA,95,955,600,2026-10-08
DL,TQO,ATL,32,1425,1810,2026-10-08
DL,UIO,ATL,127,100,710,2026-10-08
DL,UVF,ATL,127,1530,2025,2026-10-08
DL,VCE,ATL,127,1105,1555,2026-10-08
DL,VCE,JFK,127,1320,1655,2026-10-08
DL,YUL,ATL,127,700 1245 1850,950 1535 2150,2026-10-08
DL,YUL,DTW,127,600 1250 1710,805 1450 1910,2026-10-08
DL,YUL,LGA,127,930 1430 1950,1105 1605 2135,2026-10-08
DL,YUL,MSP,127,700,900,2026-10-08
DL,YVR,LAX,0,1150 1830 1930,1450 2130 2130,2026-10-08
DL,YVR,MSP,127,600 1200,1125 1725,2026-10-08
DL,YVR,SEA,127,615 720 1125 1545 1935,740 840 1240 1700 2050,2026-10-08
DL,YVR,SLC,127,645 1320,1015 1640,2026-10-08
DL,YWG,MSP,127,640 1240 1740,815 1410 1915,2026-10-08
DL,YYC,MSP,127,745 1340,1130 1725,2026-10-08
DL,YYC,SLC,127,635 1235,855 1450,2026-10-08
DL,YYZ,ATL,127,615 745 1140 1335 1835,840 1005 1405 1545 2055,2026-10-08
DL,YYZ,DTW,127,600 940 1210 1425 1810,740 1105 1335 1550 1940,2026-10-08
DL,YYZ,JFK,127,600 1215 1830,800 1405 2035,2026-10-08
DL,YYZ,LGA,127,600 755 1005 1430 1705 1900,755 940 1145 1615 1850 2050,2026-10-08
DL,YYZ,MSP,127,630 1250 1935,800 1410 2105,2026-10-08
DL,YYZ,SLC,95,1750,2010,2026-10-08
DL,ZRH,ATL,119,1010,1455,2026-10-08
DL,ZRH,JFK,127,1335,1700,2026-10-08
F9,ATL,CUN,121,1050,1240,2026-10-08
F9,ATL,MBJ,121,1235,1435,2026-10-08
F9,ATL,SAL,32,1030,1215,2026-10-08
F9,CUN,ATL,121,1350,1740,2026-10-08
F9,MBJ,ATL,121,1550,2005,2026-10-08
F9,SAL,ATL,32,1330,1920,2026-10-08
UA,CUN,LAX,127,1420,1720,2026-10-08
UA,GUA,LAX,127,225,630,2026-10-08
UA,HKG,LAX,127,1240 2145,1110 2010,2026-10-08
UA,HND,LAX,127,1810,1225,2026-10-08
UA,KIX,LAX,0,2050,1525,2026-10-08
UA,LAX,CUN,0,840 2355,1630 730,2026-10-08
UA,LAX,GUA,127,2255,450,2026-10-08
UA,LAX,HKG,127,1235 2345,1830 540,2026-10-08
UA,LAX,HND,127,1125,1505,2026-10-08
UA,LAX,KIX,0,1440,1850,2026-10-08
UA,LAX,LHR,127,1540,1010,2026-10-08
UA,LAX,MEL,21,2240,830,2026-10-08
UA,LAX,NRT,127,1045,1415,2026-10-08
UA,LAX,PEK,42,2255,440,2026-10-08
UA,LAX,PVG,127,1255,1745,2026-10-08
UA,LAX,PVR,121,1020,1425,2026-10-08
UA,LAX,SAL,127,2250,450,2026-10-08
UA,LAX,SJD,127,820,1050,2026-10-08
UA,LAX,SJO,0,2240,625,2026-10-08
UA,LAX,SYD,127,2250,800,2026-10-08
UA,LAX,YVR,127,1055,1355,2026-10-08
UA,LHR,LAX,127,1305,1625,2026-10-08
UA,MEL,LAX,84,1030,640,2026-10-08
UA,NRT,LAX,127,1645,1045,2026-10-08
UA,PEK,LAX,41,1200,920,2026-10-08
UA,PVG,LAX,127,2010,1700,2026-10-08
UA,PVR,LAX,121,1525,1730,2026-10-08
UA,SAL,LAX,127,200,615,2026-10-08
UA,SJD,LAX,127,1225,1455,2026-10-08
UA,SYD,LAX,127,1030,610,2026-10-08
UA,YVR,LAX,127,1455,1755,2026-10-08
