o,d,times,asof
ATL,AMS,1540 1705 1955,2026-07-09
ATL,ATH,1530 1615 1715,2026-07-09
ATL,AUA,1000,2026-07-09
ATL,BCN,2200,2026-07-09
ATL,BDA,1030,2026-07-09
ATL,BGI,940,2026-07-09
ATL,BOG,955 1530,2026-07-09
ATL,BRU,1705,2026-07-09
ATL,BZE,1000,2026-07-09
ATL,CDG,1545 1800 2150,2026-07-09
ATL,CPT,2100,2026-07-09
ATL,CUN,825 945 1130 1300 1850,2026-07-09
ATL,CUR,955,2026-07-09
ATL,DUB,2000,2026-07-09
ATL,EDI,2255,2026-07-09
ATL,ELH,1100,2026-07-09
ATL,EZE,2255,2026-07-09
ATL,FCO,1605 1915,2026-07-09
ATL,FRA,1800,2026-07-09
ATL,GCM,950,2026-07-09
ATL,GDL,955,2026-07-09
ATL,GGT,1100,2026-07-09
ATL,GIG,2340,2026-07-09
ATL,GRU,1855,2026-07-09
ATL,GUA,1000,2026-07-09
ATL,HND,1115,2026-07-09
ATL,ICN,945 2350,2026-07-09
ATL,JNB,2205,2026-07-09
ATL,KIN,1800,2026-07-09
ATL,LHR,1705 2205 2355,2026-07-09
ATL,LIM,1605,2026-07-09
ATL,LIR,1005,2026-07-09
ATL,LOS,1655,2026-07-09
ATL,MAD,2145,2026-07-09
ATL,MBJ,1000 1345,2026-07-09
ATL,MEX,825 1025 1225 1725 2015,2026-07-09
ATL,MHH,1105,2026-07-09
ATL,MTY,1005,2026-07-09
ATL,MUC,1720,2026-07-09
ATL,MXP,1820,2026-07-09
ATL,NAS,940 1155 1435,2026-07-09
ATL,NCE,2100,2026-07-09
ATL,PLS,945 1140,2026-07-09
ATL,PTY,955,2026-07-09
ATL,PUJ,810 955 1100,2026-07-09
ATL,PVR,1045,2026-07-09
ATL,SAL,1050,2026-07-09
ATL,SAP,1000,2026-07-09
ATL,SCL,2205,2026-07-09
ATL,SDQ,945,2026-07-09
ATL,SJD,1005,2026-07-09
ATL,SJO,950,2026-07-09
ATL,SXM,950,2026-07-09
ATL,TQO,1115,2026-07-09
ATL,UIO,1445,2026-07-09
ATL,UVF,940,2026-07-09
ATL,VCE,1740,2026-07-09
ATL,YUL,900 1500 2115,2026-07-09
ATL,YYZ,805 1000 1500 1935 2135,2026-07-09
ATL,ZRH,1710,2026-07-09
BOS,AMS,1640 1900,2026-07-09
BOS,ATH,1530,2026-07-09
BOS,BCN,1920,2026-07-09
BOS,CDG,1910,2026-07-09
BOS,CUN,910,2026-07-09
BOS,DUB,2345,2026-07-09
BOS,EDI,1940,2026-07-09
BOS,FCO,1650,2026-07-09
BOS,LHR,1905,2026-07-09
BOS,LIS,2325,2026-07-09
BOS,MAD,1720,2026-07-09
BOS,MXP,1955,2026-07-09
CVG,CDG,1705,2026-07-09
DTW,AMS,1625 1830 2235,2026-07-09
DTW,CDG,1710 1845,2026-07-09
DTW,CUN,850 1015,2026-07-09
DTW,DUB,2200,2026-07-09
DTW,FCO,2010,2026-07-09
DTW,FRA,1950,2026-07-09
DTW,HND,1405,2026-07-09
DTW,ICN,1245,2026-07-09
DTW,KEF,2200,2026-07-09
DTW,LHR,1845,2026-07-09
DTW,MEX,910,2026-07-09
DTW,MUC,1640,2026-07-09
DTW,PVG,1220,2026-07-09
DTW,YUL,1000 1425 2130,2026-07-09
DTW,YYZ,735 1000 1215 1355 1555 2140,2026-07-09
HNL,HND,1640,2026-07-09
JFK,ACC,1635,2026-07-09
JFK,AMS,1815,2026-07-09
JFK,ARN,1810,2026-07-09
JFK,ATH,1510 2035,2026-07-09
JFK,AUA,740,2026-07-09
JFK,BCN,1855,2026-07-09
JFK,BDA,825,2026-07-09
JFK,BER,1755,2026-07-09
JFK,CDG,1915 2010 2230,2026-07-09
JFK,CPH,1650,2026-07-09
JFK,CTA,1645,2026-07-09
JFK,CUN,825,2026-07-09
JFK,DUB,2130,2026-07-09
JFK,EDI,2120,2026-07-09
JFK,FCO,1725 1925,2026-07-09
JFK,FRA,1835,2026-07-09
JFK,GRU,2145,2026-07-09
JFK,KEF,2355,2026-07-09
JFK,LHR,2015 2200,2026-07-09
JFK,LIS,1955,2026-07-09
JFK,MAD,2020,2026-07-09
JFK,MBJ,820,2026-07-09
JFK,MXP,1635 2155,2026-07-09
JFK,NAP,1725,2026-07-09
JFK,NAS,820,2026-07-09
JFK,NCE,1810,2026-07-09
JFK,PRG,1845,2026-07-09
JFK,PUJ,820,2026-07-09
JFK,SDQ,830 1400 2030,2026-07-09
JFK,SNN,2355,2026-07-09
JFK,STI,825 1530 2140,2026-07-09
JFK,VCE,2100,2026-07-09
JFK,YYZ,930 1530 2105,2026-07-09
JFK,ZRH,2045,2026-07-09
LAX,CDG,1805,2026-07-09
LAX,CUN,1005,2026-07-09
LAX,HND,1040,2026-07-09
LAX,MEL,2300,2026-07-09
LAX,PVG,1145,2026-07-09
LAX,PVR,1125,2026-07-09
LAX,SJD,1050,2026-07-09
LAX,SYD,2255,2026-07-09
LGA,YHZ,930 2005,2026-07-09
LGA,YUL,700 1205 1700,2026-07-09
LGA,YYZ,725 1420 1605 1915 2150,2026-07-09
MIA,HAV,1350,2026-07-09
MSP,AMS,1600 1955 2150,2026-07-09
MSP,CDG,1630,2026-07-09
MSP,CPH,2035,2026-07-09
MSP,CUN,855,2026-07-09
MSP,DUB,1835,2026-07-09
MSP,FCO,2020,2026-07-09
MSP,HND,1040,2026-07-09
MSP,ICN,1335,2026-07-09
MSP,KEF,2000,2026-07-09
MSP,LHR,2310,2026-07-09
MSP,LIR,815,2026-07-09
MSP,MEX,920,2026-07-09
MSP,YUL,2005,2026-07-09
MSP,YVR,905 1145 1840,2026-07-09
MSP,YWG,1020 1330 1515 2155,2026-07-09
MSP,YYC,1120 1840,2026-07-09
MSP,YYZ,825 1520 2000,2026-07-09
SEA,AMS,1345 1740,2026-07-09
SEA,CDG,1835,2026-07-09
SEA,FCO,1400,2026-07-09
SEA,HND,1155,2026-07-09
SEA,ICN,1305,2026-07-09
SEA,LHR,2150,2026-07-09
SEA,PVG,1620,2026-07-09
SEA,TPE,1630,2026-07-09
SEA,YVR,920 1330 1545 1740 2000 2145,2026-07-09
SLC,AMS,1630,2026-07-09
SLC,CDG,1535,2026-07-09
SLC,CUN,945,2026-07-09
SLC,ICN,1155,2026-07-09
SLC,LHR,1725,2026-07-09
SLC,MEX,950,2026-07-09
SLC,PVR,1050,2026-07-09
SLC,SJD,1020,2026-07-09
SLC,YVR,1100 1615 2100,2026-07-09
SLC,YYC,925 2050,2026-07-09
SLC,YYZ,1045,2026-07-09
TPA,AMS,2105,2026-07-09
